{"cameraMode":{"drawMode":0,"name":"Shaded","section":"Shading Mode"},"sceneLighting":true,"audioPlay":false,"sceneViewState":{"m_AlwaysRefresh":false,"showFog":true,"showSkybox":false,"showFlares":true,"showImageEffects":true,"showParticleSystems":true,"showVisualEffectGraphs":true,"m_FxEnabled":true},"in2DMode":false,"pivot":{"x":3.788877010345459,"y":-1.4494541883468629,"z":-14.896787643432618},"rotation":{"x":0.014136364683508873,"y":0.9788103103637695,"z":-0.07257372885942459,"w":0.19140565395355225},"size":13.80790901184082,"orthographic":false}