{"cameraMode":{"drawMode":0,"name":"Shaded","section":"Shading Mode"},"sceneLighting":true,"audioPlay":false,"sceneViewState":{"m_AlwaysRefresh":false,"showFog":true,"showSkybox":false,"showFlares":true,"showImageEffects":true,"showParticleSystems":true,"showVisualEffectGraphs":true,"m_FxEnabled":true},"in2DMode":false,"pivot":{"x":-2.4118053913116457,"y":1.4713146686553956,"z":-1.0687203407287598},"rotation":{"x":-0.005754287354648113,"y":0.9829949736595154,"z":-0.03147544339299202,"w":-0.18144099414348603},"size":3.357064723968506,"orthographic":false}