{"cameraMode":{"drawMode":0,"name":"Shaded","section":"Shading Mode"},"sceneLighting":true,"audioPlay":false,"sceneViewState":{"m_AlwaysRefresh":false,"showFog":true,"showSkybox":false,"showFlares":true,"showImageEffects":true,"showParticleSystems":true,"showVisualEffectGraphs":true,"m_FxEnabled":true},"in2DMode":false,"pivot":{"x":0.8941214680671692,"y":-0.25914907455444338,"z":-5.0378546714782719},"rotation":{"x":0.1087745726108551,"y":0.8612918257713318,"z":-0.45112043619155886,"w":0.2075299471616745},"size":38.026512145996097,"orthographic":false}