{"cameraMode":{"drawMode":0,"name":"Shaded","section":"Shading Mode"},"sceneLighting":true,"audioPlay":false,"sceneViewState":{"m_AlwaysRefresh":false,"showFog":true,"showSkybox":false,"showFlares":true,"showImageEffects":true,"showParticleSystems":true,"showVisualEffectGraphs":true,"m_FxEnabled":true},"in2DMode":false,"pivot":{"x":7.500706672668457,"y":1.4915175437927247,"z":-7.090070724487305},"rotation":{"x":0.02089424431324005,"y":0.8692744970321655,"z":-0.036997172981500629,"w":0.49267128109931948},"size":12.051148414611817,"orthographic":false}