{"cameraMode":{"drawMode":0,"name":"Shaded","section":"Shading Mode"},"sceneLighting":true,"audioPlay":false,"sceneViewState":{"m_AlwaysRefresh":false,"showFog":true,"showSkybox":false,"showFlares":true,"showImageEffects":true,"showParticleSystems":true,"showVisualEffectGraphs":true,"m_FxEnabled":true},"in2DMode":false,"pivot":{"x":8.30526065826416,"y":3.2729690074920656,"z":0.054450035095214847},"rotation":{"x":-0.0244998037815094,"y":0.8562403321266174,"z":0.04067951440811157,"w":0.5145543813705444},"size":9.736695289611817,"orthographic":false}