{"cameraMode":{"drawMode":0,"name":"Shaded","section":"Shading Mode"},"sceneLighting":true,"audioPlay":false,"sceneViewState":{"m_AlwaysRefresh":false,"showFog":true,"showSkybox":false,"showFlares":true,"showImageEffects":true,"showParticleSystems":true,"showVisualEffectGraphs":true,"m_FxEnabled":true},"in2DMode":false,"pivot":{"x":-7.804755687713623,"y":3.091012954711914,"z":7.480767726898193},"rotation":{"x":0.3569795489311218,"y":0.0006099995807744563,"z":-0.00032835183083079755,"w":0.934205949306488},"size":2.719050884246826,"orthographic":false}